id,name,is_active
1,CHEVRON,t
2,LYS,t
3,MOBIL,t
4,CASTROL,t
5,BOSCH,t
6,NGK,t
7,DENSO,t
8,EUROFLEX,t
9,SUN,t
10,FORTE,t
11,AKURO,t
12,TW,t
13,TAIWAN,t
14,RCC,t
15,KIGCOL,t
16,S/MARCA,t
17,ANJUFA,t
18,JAILING,t
19,ZHENGHE,t
20,HONDA,t
21,SEIKEN,t
22,BANDO,t
23,HONGJU,t
24,VISTONY,t
25,SHELL,t
26,ZONGSHEN,t
27,CAM,t
28,NOK,t
29,WILLY BUSH,t
30,EAGLE,t
31,TEXACO,t
32,ITALIKA,t
33,VOLDA,t
34,BJR,t
35,MOTUL,t
36,REPSOL,t
37,PIRELLI,t
38,BOOTELLI,t
39,TOP,t
40,YAMALUBE,t
41,LASER,t
42,AG,t
43,KENSTE,t
44,SHENG WEY,t
45,KAMASA,t
46,BAJAJ,t
47,WANXIN,t
48,JEC,t
49,AB MOTORS,t
50,YANG ZU,t
51,EXPERT RUBBER,t
52,BECOSH,t
53,MR&AB,t
54,NSK,t
55,SFX,t
56,NINGBO,t
57,DINA,t
58,ROCKY,t
59,SIMONIZ,t
60,JJ,t
61,ROADSHINE,t
62,PREMIUM,t
63,KINGSTONE,t
64,I . KOYAMA,t
65,ARX,t
66,YOKOMITSU,t
67,KOYO,t
68,SUKOKI,t
69,STP,t
70,FD,t
71,SUSUKI,t
72,TKRJ,t
73,OSAKA,t
74,ALDRICH,t
75,TP,t
76,CUPIDO,t
77,RAUDO,t
78,SAFARI,t
79,MANDO,t
80,SAFEWAY,t
81,FERRAWYY,t
82,EMEMSA,t
83,DID,t
84,SUMOTO,t
85,ARAYA,t
86,PREMIER,t
87,NACIONAL,t
88,YUANXING,t
89,TAKUMI,t
90,GDM,t
91,MCB,t
92,POWER,t
93,LIQUI MOLY,t
94,TOYOTA,t
95,JT,t
96,BGF,t
97,SKF,t
98,IS,t
99,ENMOTTO,t
100,TTO,t
101,DMX,t
102,ENERJET,t
103,AOLONG,t
104,ZERO,t
105,CAPSA,t
106,DGP,t
107,HANKOOK,t
108,MGM,t
109,RECORD,t
110,DURO,t
111,KENDA,t
112,ZEN,t
113,RAMLESAC,t
114,CHENG SHING,t
115,ROCKET,t
116,RONCO,t
117,LONG,t
118,SOC,t
119,HALCON,t
120,FRITEC,t
121,GMB,t
122,CHEMOTO,t
123,MARILIA,t
124,INDECO,t
125,ARS,t
126,CICLER,t
127,UYUSTOOLS,t
128,ACRIMSA,t
129,SCHUBERT,t
130,ADELU,t
131,3M,t
132,TORCH,t
133,SHARK,t
134,AUTOLITE,t
135,DUNLOP,t
136,XCUPIDO,t
137,CELAPSA,t
138,KOREA,t
139,COPILLAR,t
140,NIZUMY,t
141,ZSMOTOC,t
142,JI,t
143,MIB,t
144,KMC,t
145,NEWELL,t
146,GOSTONE,t
147,PLATINIUM,t
148,FM,t
149,KINGS TIRE,t
150,RINALDI,t
151,SUPER BULL,t
152,ARL,t
153,VITALE,t
154,KRUG,t
155,REC,t
156,TEC,t
157,ABRO,t
158,S.W.,t
159,KEI HIN,t
160,ZSG,t
161,MF,t
162,TECNI,t
163,RIFFEL,t
164,TSK,t
165,KAIER,t
166,NTN,t
167,ZONKO,t
168,ZONIKO,t
169,DAEWHA,t
170,VIPAL,t
171,VITELLI,t
172,INF,t
173,HOPESA,t
174,DREIK,t
175,ITALIA,t
176,STANLEY,t
177,MITSUBOSHI,t
178,NACHI,t
179,NIKKO,t
180,HELLA,t
181,SEGER,t
182,SR ROJAS CHICLAYO,t
183,SYKKEL,t
184,NEW ERA,t
185,ADM,t
186,SEINSA,t
187,GMG,t
188,TOYO,t
189,KAYM,t
190,DEWALT,t
191,VEDAMOTORS,t
192,TWINS,t
193,DAISHO,t
194,GASKET,t
195,FGR,t
196,ASAKI,t
197,NIS,t
198,MICRO V,t
199,DONGIL,t
200,CONTITECH,t
201,BOTTARI,t
202,TOYOPOWER,t
203,RTM,t
204,KAMLA,t
205,CORTECO,t
206,FILPLUS,t
207,DONALDSON,t
208,FLEETGUARD,t
209,EAGLEYE,t
210,NARVA,t
211,HENK,t
212,GOLDEN,t
213,HI-LUX,t
214,POLI,t
215,FLUIDLOC,t
216,LITECH,t
217,PHILLIPS,t
218,ADEX,t
219,SAN JACINTO,t
220,BANDASOL,t
221,TICINO,t
222,BALLACK,t
223,FULL METAL,t
224,SANDFLEX,t
225,TRUPER,t
226,FENIX,t
227,FUERZA,t
228,IPONE,t
229,PBR,t
230,JUANITA,t
231,MOTOZON,t
232,SFK,t
233,BENELLI,t
234,ASA,t
235,FRENOSA,t
236,VARGA,t
237,OVERALL,t
238,KATANA,t
239,MAXXIS,t
240,LIMA CAUCHO,t
241,WANMAO,t
242,ZM,t
243,GOLDEN BOY,t
244,CELIMO,t
245,EXCEED,t
246,ANYPSA,t
247,SOLDIMIX,t
248,RMT,t
249,LIFAN,t
250,TOOLTECH,t
251,SCHEBOR,t
252,JSK,t
253,WURTEX,t
254,TOTO,t
255,YAMAKUMO,t
256,VTC,t
257,IKT,t
258,PANTHERS,t
259,DAICHI,t
260,HYZ,t
261,FEW,t
262,HKT,t
263,UNIPOINT,t
264,TEKO,t
265,ARUSU,t
266,SCP,t
267,PFI,t
268,ZT,t
269,SAPOLIO,t
270,SIKASIL,t
271,PUNTO AZUL,t
272,SANKEI,t
273,MAZZINI,t
274,NITTAN,t
275,KB,t
276,KY,t
277,MCCAL,t
278,EDE,t
279,ACC,t
280,SOLONG,t
281,DARROW,t
282,CTR,t
283,GMGR,t
284,MOTORMANIA,t
285,KINGLON,t
286,BESTE,t
287,NIPON,t
288,AZB,t
289,GRUPO TOTAL,t
290,OUTDO,t
291,MAESTRO,t
292,BILDER,t
293,BARCO,t
294,NOW SPARK,t
295,FK,t
296,AISIN,t
297,LOO,t
298,TITO,t
299,EVERW,t
300,JPN,t
301,TOPOWER,t
302,VISION,t
303,TIMSUN,t
304,SFX GOLD,t
305,CAILI,t
306,KTI,t
307,TCS,t
308,OTOLO,t
309,JVIS,t
310,ISOPETROL,t
311,YAMAHA,t
312,JUST,t
313,DEYUZC,t
314,D´TIEX,t
315,SONAX,t
316,S&M,t
317,PREMIUN,t
318,HERO,t
319,SUKKEL,t
320,CEAT,t
321,CHAOYANG,t
322,NISSAN,t
323,TGAP,t
324,LIHUA,t
325,GITIVAN,t
326,CIRCUIT,t
327,CCKAPA,t
328,BIKER,t
